<rss version="2.0" xmlns:atom="http://www.w3.org/2005/Atom">
  <channel>
    <title>Arc4u for everyone – Authentification &amp; Authorization tutorial</title>
    <link>http://example.org/auth-access-control/</link>
    <description>Recent content in Authentification &amp; Authorization tutorial on Arc4u for everyone</description>
    <generator>Hugo -- gohugo.io</generator>
    <language>en-US</language>
    <lastBuildDate>Fri, 13 Oct 2023 00:00:00 +0000</lastBuildDate>
    
	  <atom:link href="http://example.org/auth-access-control/index.xml" rel="self" type="application/rss+xml" />
    
    
      
        
      
    
    
    <item>
      <title>Building a Microservice Architecture Application at ELIA</title>
      <link>http://example.org/auth-access-control/setup-environment/</link>
      <pubDate>Mon, 01 Jan 0001 00:00:00 +0000</pubDate>
      
      <guid>http://example.org/auth-access-control/setup-environment/</guid>
      <description>
        
        
        &lt;p&gt;The purpose of this tutorial is to demonstrate how to create an application following the microservice architecture principles and patterns used at ELIA.&lt;/p&gt;
&lt;p&gt;While this tutorial may resemble a &lt;em&gt;cooking recipe&lt;/em&gt;, its primary objective is to illustrate the crucial steps and procedures involved in building such an application.&lt;/p&gt;
&lt;p&gt;The tutorial consists of the following steps:&lt;/p&gt;
&lt;ol&gt;
&lt;li&gt;Ensuring the necessary prerequisites are available.&lt;/li&gt;
&lt;li&gt;Initializing the infrastructure for a solution that hosts microservices.&lt;/li&gt;
&lt;li&gt;Preparing each microservice.&lt;/li&gt;
&lt;li&gt;Adding a persistence layer.&lt;/li&gt;
&lt;li&gt;Implementing proper authentication mechanisms.&lt;/li&gt;
&lt;li&gt;Enabling authorization based on application roles.&lt;/li&gt;
&lt;li&gt;Defining a frontend client to consume and interact with the microservice&amp;rsquo;s data.&lt;/li&gt;
&lt;li&gt;Registering the resulting application to enable user authentication and authorization for testing purposes.&lt;/li&gt;
&lt;/ol&gt;
&lt;p&gt;Throughout these steps, technical concepts encountered will be clarified and explained.&lt;/p&gt;
&lt;p&gt;By following this tutorial, you will gain a practical understanding of building microservice applications using the patterns and practices employed at ELIA.&lt;/p&gt;
&lt;h2&gt;Prerequisites&lt;span class=&#34;absolute -mt-20&#34; id=&#34;prerequisites&#34;&gt;&lt;/span&gt;
    &lt;a href=&#34;#prerequisites&#34; class=&#34;subheading-anchor&#34; aria-label=&#34;Permalink for this section&#34;&gt;&lt;/a&gt;&lt;/h2&gt;&lt;h3&gt;Microsoft Visual Studio 2022&lt;span class=&#34;absolute -mt-20&#34; id=&#34;microsoft-visual-studio-2022&#34;&gt;&lt;/span&gt;
    &lt;a href=&#34;#microsoft-visual-studio-2022&#34; class=&#34;subheading-anchor&#34; aria-label=&#34;Permalink for this section&#34;&gt;&lt;/a&gt;&lt;/h3&gt;&lt;p&gt;You must have the latest version of &lt;em&gt;Microsoft Visual Studio&lt;/em&gt;, available through the &lt;em&gt;Software Center&lt;/em&gt; utility present on your virtual machine.&lt;/p&gt;
&lt;h3&gt;Microsoft Visual Studio Extension &lt;em&gt;Guidance&lt;/em&gt;&lt;span class=&#34;absolute -mt-20&#34; id=&#34;microsoft-visual-studio-extension-_guidance_&#34;&gt;&lt;/span&gt;
    &lt;a href=&#34;#microsoft-visual-studio-extension-_guidance_&#34; class=&#34;subheading-anchor&#34; aria-label=&#34;Permalink for this section&#34;&gt;&lt;/a&gt;&lt;/h3&gt;&lt;p&gt;You can install the extension &lt;em&gt;Guidance&lt;/em&gt; by using your version of Microsoft Visual Studio without opening any project.&lt;/p&gt;
&lt;p&gt;The management of extensions is accessible from the menu &amp;ldquo;&lt;em&gt;Extensions&lt;/em&gt;&amp;rdquo;:&lt;/p&gt;
&lt;p&gt;&lt;img src=&#34;http://example.org/auth-access-control/images/step-1-image-001.png&#34; alt=&#34;How to reach the menu &amp;ldquo;Extensions&amp;rdquo;?&#34; loading=&#34;lazy&#34; /&gt;&lt;/p&gt;
&lt;p&gt;You can search for the &amp;ldquo;&lt;em&gt;Arc4u Guidance 2022&lt;/em&gt;&amp;rdquo; extension in the extension catalog:&lt;/p&gt;
&lt;p&gt;&lt;img src=&#34;http://example.org/auth-access-control/images/step-1-image-002.png&#34; alt=&#34;Search for the Arc4u Guidance 2022 extension&#34; loading=&#34;lazy&#34; /&gt;&lt;/p&gt;
&lt;p&gt;Once you have found the extension, then request for its download.&lt;/p&gt;
&lt;p&gt;&lt;strong&gt;The most recent version is 2022.2.1.12.&lt;/strong&gt;&lt;/p&gt;
&lt;p&gt;The extension will installed at the time you will close &lt;em&gt;Microsoft Visual Studio&lt;/em&gt;:&lt;/p&gt;
&lt;p&gt;&lt;img src=&#34;http://example.org/auth-access-control/images/step-1-image-003.png&#34; alt=&#34;To accept the licence terms&#34; loading=&#34;lazy&#34; /&gt;&lt;/p&gt;
&lt;p&gt;As previously mentioned, the &lt;em&gt;Guidance&lt;/em&gt; extension requires a paid license.&lt;/p&gt;
&lt;p&gt;&lt;strong&gt;If you haven&amp;rsquo;t already done so, please contact &lt;a href=&#34;mailto:gilles.flisch@elia.be&#34; &gt;Gilles Flisch&lt;/a&gt; to obtain a &lt;em&gt;license ID&lt;/em&gt;.&lt;/strong&gt;&lt;/p&gt;
&lt;p&gt;Once you&amp;rsquo;ve obtained a &lt;em&gt;license ID&lt;/em&gt;, you&amp;rsquo;ll need to register it in the Microsoft Visual Studio options.&lt;/p&gt;
&lt;p&gt;&lt;img src=&#34;http://example.org/auth-access-control/images/step-1-image-004.png&#34; alt=&#34;Open the options of Microsoft Visual Studio&#34; loading=&#34;lazy&#34; /&gt;&lt;/p&gt;
&lt;p&gt;Locate the options dedicated to the Guidance extension to register your license ID:&lt;/p&gt;
&lt;p&gt;&lt;img src=&#34;http://example.org/auth-access-control/images/step-1-image-005.png&#34; alt=&#34;The encode the licence ID of Guidance&#34; loading=&#34;lazy&#34; /&gt;&lt;/p&gt;

      </description>
    </item>
    
    <item>
      <title>Let&#39;s create a complete solution!</title>
      <link>http://example.org/auth-access-control/create-solution/</link>
      <pubDate>Mon, 01 Jan 0001 00:00:00 +0000</pubDate>
      
      <guid>http://example.org/auth-access-control/create-solution/</guid>
      <description>
        
        
        &lt;h2&gt;The demo project in a nutshell&lt;span class=&#34;absolute -mt-20&#34; id=&#34;the-demo-project-in-a-nutshell&#34;&gt;&lt;/span&gt;
    &lt;a href=&#34;#the-demo-project-in-a-nutshell&#34; class=&#34;subheading-anchor&#34; aria-label=&#34;Permalink for this section&#34;&gt;&lt;/a&gt;&lt;/h2&gt;&lt;p&gt;In this tutorial, we will walk through the process of setting up a demonstration project that simulates pizza ordering at various ELIA sites.&lt;/p&gt;
&lt;p&gt;Let&amp;rsquo;s imagine a fictional scenario where ELIA&amp;rsquo;s different site restaurants offer pizza ordering during lunchtime.&lt;/p&gt;
&lt;p&gt;&lt;img src=&#34;http://example.org/auth-access-control/images/step-2-image-000.jpg&#34; alt=&#34;We love pizzas!&#34; loading=&#34;lazy&#34; /&gt;&lt;/p&gt;
&lt;p&gt;From a high-level functional perspective, the project aims to allow restaurant managers to establish the pizza menu while enabling both internal and external employees to place orders.&lt;/p&gt;
&lt;p&gt;Following a microservices architecture, the demonstration project will consist of two microservices:&lt;/p&gt;
&lt;ol&gt;
&lt;li&gt;
&lt;p&gt;&lt;strong&gt;Pizza Catalog Microservice&lt;/strong&gt;: This microservice will be responsible for managing the pizza catalog specific to each site.&lt;/p&gt;
&lt;/li&gt;
&lt;li&gt;
&lt;p&gt;&lt;strong&gt;Order Management Microservice&lt;/strong&gt;: Dedicated to handling the introduction and management of orders placed by employees.&lt;/p&gt;
&lt;/li&gt;
&lt;/ol&gt;
&lt;p&gt;Additionally, we will develop a frontend application accessible to both managers and employees.&lt;/p&gt;
&lt;p&gt;So, let&amp;rsquo;s get started and create an efficient and flexible pizza ordering system for ELIA&amp;rsquo;s restaurants!&lt;/p&gt;
&lt;h2&gt;Creation of a new blank solution&lt;span class=&#34;absolute -mt-20&#34; id=&#34;creation-of-a-new-blank-solution&#34;&gt;&lt;/span&gt;
    &lt;a href=&#34;#creation-of-a-new-blank-solution&#34; class=&#34;subheading-anchor&#34; aria-label=&#34;Permalink for this section&#34;&gt;&lt;/a&gt;&lt;/h2&gt;&lt;p&gt;You have to create a new solution on your local repository &lt;code&gt;C:\PRJ&lt;/code&gt;:&lt;/p&gt;
&lt;p&gt;&lt;img src=&#34;http://example.org/auth-access-control/images/step-2-image-001.png&#34; alt=&#34;Create a new blank solution&#34; loading=&#34;lazy&#34; /&gt;&lt;/p&gt;
&lt;p&gt;In a learning context, you should never mention a name that could refer to a professional application, as this exercise involves registering your application.&lt;/p&gt;
&lt;p&gt;&lt;em&gt;&lt;strong&gt;A good practice is to prefix your project name with &amp;ldquo;Demo&amp;rdquo;, followed by your Windows account ID and the suffix of your choice.&lt;/strong&gt;&lt;/em&gt;&lt;/p&gt;
&lt;p&gt;&lt;img src=&#34;http://example.org/auth-access-control/images/step-2-image-002.png&#34; alt=&#34;Provide the name of the solution&#34; loading=&#34;lazy&#34; /&gt;&lt;/p&gt;
&lt;h2&gt;Initialization of the application&lt;span class=&#34;absolute -mt-20&#34; id=&#34;initialization-of-the-application&#34;&gt;&lt;/span&gt;
    &lt;a href=&#34;#initialization-of-the-application&#34; class=&#34;subheading-anchor&#34; aria-label=&#34;Permalink for this section&#34;&gt;&lt;/a&gt;&lt;/h2&gt;&lt;p&gt;It&amp;rsquo;s time to initiate the implementation of the application thanks to the &lt;em&gt;Guidance&lt;/em&gt; extension!&lt;/p&gt;
&lt;p&gt;You just have to open the &lt;em&gt;Solution Explorer View&lt;/em&gt; and to activate the action &lt;code&gt;Create Arc4u AspNetCore Solution =&amp;gt; 2022.2.1&lt;/code&gt; using the contextual menu:&lt;/p&gt;
&lt;p&gt;&lt;img src=&#34;http://example.org/auth-access-control/images/step-2-image-003.png&#34; alt=&#34;Generate the solution using Guidance&#34; loading=&#34;lazy&#34; /&gt;&lt;/p&gt;
&lt;p&gt;A modal dialog will be displayed, asking you the company for which you are developing your application:&lt;/p&gt;
&lt;p&gt;&lt;img src=&#34;http://example.org/auth-access-control/images/step-2-image-004.png&#34; alt=&#34;Choose the company for the configuration of the solution&#34; loading=&#34;lazy&#34; /&gt;&lt;/p&gt;
&lt;p&gt;The choice made using this modal dialog will adapt automatically the settings of the projects for the corresponding company.&lt;/p&gt;
&lt;p&gt;&lt;em&gt;In the context of this tutorial, please select the configuration &amp;ldquo;Elia configuration&amp;rdquo;.&lt;/em&gt;&lt;/p&gt;
&lt;h2&gt;Let the magic operate!&lt;span class=&#34;absolute -mt-20&#34; id=&#34;let-the-magic-operate&#34;&gt;&lt;/span&gt;
    &lt;a href=&#34;#let-the-magic-operate&#34; class=&#34;subheading-anchor&#34; aria-label=&#34;Permalink for this section&#34;&gt;&lt;/a&gt;&lt;/h2&gt;&lt;p&gt;Once the configuration has been chosen, the &lt;em&gt;Guidance&lt;/em&gt; extension will immediately take over, creating the complete start-up infrastructure for your solution.&lt;/p&gt;
&lt;p&gt;As a result, you should get this situation:&lt;/p&gt;
&lt;p&gt;&lt;img src=&#34;http://example.org/auth-access-control/images/step-2-image-005.png&#34; alt=&#34;Let&amp;rsquo;s review the infrastructure created by Guidance&#34; loading=&#34;lazy&#34; /&gt;&lt;/p&gt;
&lt;h2&gt;What elements have been generated?&lt;span class=&#34;absolute -mt-20&#34; id=&#34;what-elements-have-been-generated&#34;&gt;&lt;/span&gt;
    &lt;a href=&#34;#what-elements-have-been-generated&#34; class=&#34;subheading-anchor&#34; aria-label=&#34;Permalink for this section&#34;&gt;&lt;/a&gt;&lt;/h2&gt;&lt;p&gt;The &lt;em&gt;Guidance&lt;/em&gt; extension has created this infrastructure of folder:&lt;/p&gt;
&lt;ul&gt;
&lt;li&gt;A folder labeled &lt;code&gt;BE&lt;/code&gt; (aka &amp;ldquo;Back-End&amp;rdquo;) that will includes all the (future) projets related to the micro-services. It already includes the YARP service&lt;/li&gt;
&lt;li&gt;A folder labeled &lt;code&gt;FE&lt;/code&gt; (aka &amp;ldquo;Front-End&amp;rdquo;) that will gathers any front-end clients developed in the context of this application&lt;/li&gt;
&lt;li&gt;A folder labeled &lt;code&gt;OAuth2&lt;/code&gt; that includes the requested OAuth2 settings for all the components of your solution (micro-service and FE clients)&lt;/li&gt;
&lt;li&gt;A folder labeled &lt;code&gt;Shared&lt;/code&gt; that provides shared concepts for the whole solution&lt;/li&gt;
&lt;/ul&gt;
&lt;h2&gt;About the YARP service&lt;span class=&#34;absolute -mt-20&#34; id=&#34;about-the-yarp-service&#34;&gt;&lt;/span&gt;
    &lt;a href=&#34;#about-the-yarp-service&#34; class=&#34;subheading-anchor&#34; aria-label=&#34;Permalink for this section&#34;&gt;&lt;/a&gt;&lt;/h2&gt;&lt;h3&gt;Introduction&lt;span class=&#34;absolute -mt-20&#34; id=&#34;introduction&#34;&gt;&lt;/span&gt;
    &lt;a href=&#34;#introduction&#34; class=&#34;subheading-anchor&#34; aria-label=&#34;Permalink for this section&#34;&gt;&lt;/a&gt;&lt;/h3&gt;&lt;p&gt;YARP means literally &amp;ldquo;&lt;em&gt;Yet Another Reverse Proxy&lt;/em&gt;&amp;rdquo;.  This acronym is the name of an open-source reverse proxy project launched by Microsoft a few years ago.&lt;/p&gt;
&lt;p&gt;A standard proxy is software that acts as a gateway between a private network and the internet. It listens to outgoing HTTP requests and typically performs tasks related to privacy or security.&lt;/p&gt;
&lt;p&gt;A reverse proxy operates in the opposite direction. It is usually installed within the local network, behind the firewall, and listens to incoming requests. It is commonly used as a router to redirect incoming requests to an appropriate endpoint, which can occur when multiple web servers run on a machine or to set up a load balancing system.&lt;/p&gt;
&lt;h3&gt;The implementation realized by Guidance&lt;span class=&#34;absolute -mt-20&#34; id=&#34;the-implementation-realized-by-guidance&#34;&gt;&lt;/span&gt;
    &lt;a href=&#34;#the-implementation-realized-by-guidance&#34; class=&#34;subheading-anchor&#34; aria-label=&#34;Permalink for this section&#34;&gt;&lt;/a&gt;&lt;/h3&gt;&lt;p&gt;The YARP service provided by the Guidance extension performs the following tasks:&lt;/p&gt;
&lt;ul&gt;
&lt;li&gt;&lt;em&gt;Authenticating&lt;/em&gt; the user account of a request for using &lt;em&gt;Active Directory Federated Services (ADFS)&lt;/em&gt; through the &lt;em&gt;OpenID protocol&lt;/em&gt;.&lt;/li&gt;
&lt;li&gt;&lt;em&gt;Authorizing&lt;/em&gt; the user account of a request for a request by utilizing ADFS and the information about the application, the roles and the corresponding operations managed by the system &lt;em&gt;Authorization Viewer&lt;/em&gt;, employing the OAuth2.0 protocol that returns a token.&lt;/li&gt;
&lt;li&gt;&lt;em&gt;Redirecting&lt;/em&gt; the original request to the asked endpoint for the target microservice, including the token&lt;/li&gt;
&lt;li&gt;Exposing a facade that offers basic services to obtain information about the current environment.&lt;/li&gt;
&lt;/ul&gt;
&lt;p&gt;This situation can be schematized as:&lt;/p&gt;
&lt;p&gt;&lt;img src=&#34;http://example.org/auth-access-control/images/step-2-image-006.png&#34; alt=&#34;Schematic overview&#34; loading=&#34;lazy&#34; /&gt;&lt;/p&gt;
&lt;p&gt;(&lt;em&gt;Of course, this schema is definitively NOT a blue print&lt;/em&gt;)&lt;/p&gt;
&lt;h3&gt;About the structure of the YARP service&lt;span class=&#34;absolute -mt-20&#34; id=&#34;about-the-structure-of-the-yarp-service&#34;&gt;&lt;/span&gt;
    &lt;a href=&#34;#about-the-structure-of-the-yarp-service&#34; class=&#34;subheading-anchor&#34; aria-label=&#34;Permalink for this section&#34;&gt;&lt;/a&gt;&lt;/h3&gt;&lt;p&gt;The YARP service is structured into several projects following the principles of &lt;em&gt;Domain-Driven Design (DDD) architecture&lt;/em&gt;:&lt;/p&gt;
&lt;ul&gt;
&lt;li&gt;&lt;strong&gt;Domain&lt;/strong&gt;: This project encapsulates the core domain logic and entities of the YARP service. It defines the fundamental concepts, behaviors, and rules that govern the business domain.&lt;/li&gt;
&lt;li&gt;&lt;strong&gt;Business Contract&lt;/strong&gt; (aka &amp;ldquo;Business Interface&amp;rdquo;): The business contract project serves as an interface layer that defines the contracts exposed by the YARP service. It allows for loose coupling between different components and provides a clear separation between the domain and external systems.&lt;/li&gt;
&lt;li&gt;&lt;strong&gt;Business Layer&lt;/strong&gt;: The business layer project contains the application logic and orchestrates the interactions between the domain and external systems. It coordinates the execution of use cases, applies business rules, and enforces domain constraints.&lt;/li&gt;
&lt;li&gt;&lt;strong&gt;Facade&lt;/strong&gt;: The facade project acts as an entry point for external systems or clients to interact with the YARP service. It provides a simplified and unified interface that abstracts the complexity of the underlying system.&lt;/li&gt;
&lt;li&gt;&lt;strong&gt;Host&lt;/strong&gt;: The host project serves as the infrastructure layer for the YARP service. It handles the application startup, dependency injection, configuration, and hosting of the various components within the service.&lt;/li&gt;
&lt;/ul&gt;
&lt;p&gt;Please be aware that the YARP service consists of two additional projects:&lt;/p&gt;
&lt;ul&gt;
&lt;li&gt;&lt;strong&gt;Client Facade SDK&lt;/strong&gt;: This project facilitates the code generation of the client facade using NSwag. It simplifies the utilization of the information endpoints exposed by the YARP service, providing an easier way to interact with the service.&lt;/li&gt;
&lt;li&gt;&lt;strong&gt;Unit Test&lt;/strong&gt;: This project serves as the foundation for unit tests conducted against the business layer. It allows for testing the functionality and behavior of the business logic, ensuring its correctness and adherence to the specified requirements.&lt;/li&gt;
&lt;/ul&gt;

      </description>
    </item>
    
    <item>
      <title>Let&#39;s implement the first microservice</title>
      <link>http://example.org/auth-access-control/create-microservice/</link>
      <pubDate>Mon, 01 Jan 0001 00:00:00 +0000</pubDate>
      
      <guid>http://example.org/auth-access-control/create-microservice/</guid>
      <description>
        
        
        &lt;p&gt;We will start to implement the microservice &amp;ldquo;Pizzas&amp;rdquo; with the help of the &lt;em&gt;Guidance&lt;/em&gt; extension.&lt;/p&gt;
&lt;h1&gt;The microservice &amp;ldquo;Pizzas&amp;rdquo; in a nutshell&lt;/h1&gt;&lt;p&gt;The back-end microservice called &amp;lsquo;Pizzas&amp;rsquo; will serve as the authoritative service providing information about all the pizzas available for ordering at each restaurant site.&lt;/p&gt;
&lt;p&gt;In a first implementation, this service is responsible for fulfilling the following objectives:&lt;/p&gt;
&lt;ul&gt;
&lt;li&gt;Retrieving the list of all available types of pizzas.&lt;/li&gt;
&lt;li&gt;Fetching detailed information about a specific pizza.&lt;/li&gt;
&lt;li&gt;Enabling the creation, modification, and deletion of a type of pizza.&lt;/li&gt;
&lt;/ul&gt;
&lt;h1&gt;Creation of the microservice &amp;ldquo;Pizzas&amp;rdquo;&lt;/h1&gt;&lt;p&gt;Once again, let&amp;rsquo;s ask to &lt;em&gt;Guidance&lt;/em&gt; doing the job for us!&lt;/p&gt;
&lt;p&gt;Start by opening the Solution Explorer View and selecting the &amp;ldquo;BE&amp;rdquo; folder. The contextual menu of Guidance will dynamically adapt and present the option to create a new microservice.&lt;/p&gt;
&lt;p&gt;Then initiate the creation process by executing the command &amp;ldquo;&lt;em&gt;Add Arc4u Micro-Service =&amp;gt; 2022.2.1&lt;/em&gt;&amp;rdquo;:&lt;/p&gt;
&lt;p&gt;&lt;img src=&#34;http://example.org/auth-access-control/images/step-3-image-001.png&#34; alt=&#34;Start a new microservice using Guidance&#34; loading=&#34;lazy&#34; /&gt;&lt;/p&gt;
&lt;p&gt;A modal dialog form will appear, prompting you to enter a name for the microservice.&lt;/p&gt;
&lt;p&gt;&lt;img src=&#34;http://example.org/auth-access-control/images/step-3-image-002.png&#34; alt=&#34;Provide the service name&#34; loading=&#34;lazy&#34; /&gt;&lt;/p&gt;
&lt;p&gt;Once you&amp;rsquo;ve provided the name, Guidance will immediately begin creating the structure of the microservice.&lt;/p&gt;
&lt;p&gt;This one consists of a set of projects:&lt;/p&gt;
&lt;p&gt;&lt;img src=&#34;http://example.org/auth-access-control/images/step-3-image-003.png&#34; alt=&#34;Let&amp;rsquo;s review the infrastructure created by Guidance&#34; loading=&#34;lazy&#34; /&gt;&lt;/p&gt;
&lt;h1&gt;Structure of the new microservice&lt;/h1&gt;&lt;p&gt;Of course, the microservice created by the &lt;em&gt;Guidance&lt;/em&gt; extension also follows &lt;em&gt;Domain-Driven Design (DDD)&lt;/em&gt; principles and is organized into the following projects:&lt;/p&gt;
&lt;ul&gt;
&lt;li&gt;&lt;strong&gt;Domain&lt;/strong&gt;: Encapsulates the core domain logic and entities, defining fundamental concepts, behaviors, and rules.&lt;/li&gt;
&lt;li&gt;&lt;strong&gt;Business Interface&lt;/strong&gt;: Defines contracts exposed by the service, enabling loose coupling and separation from external systems.&lt;/li&gt;
&lt;li&gt;&lt;strong&gt;Business Layer:&lt;/strong&gt; Contains application logic, orchestrates domain and external system interactions, and enforces business rules and constraints.&lt;/li&gt;
&lt;li&gt;&lt;strong&gt;Facade&lt;/strong&gt;: Serves as an entry point for external systems or clients, providing a simplified interface to abstract system complexity.&lt;/li&gt;
&lt;li&gt;&lt;strong&gt;Host&lt;/strong&gt;: Handles infrastructure concerns such as application startup, dependency injection, configuration, and hosting.&lt;/li&gt;
&lt;/ul&gt;
&lt;p&gt;Additionally, the microservice includes two extra projects:&lt;/p&gt;
&lt;ul&gt;
&lt;li&gt;&lt;strong&gt;Client Facade SDK&lt;/strong&gt;: Facilitates client facade code generation using NSwag, simplifying interaction with the service&amp;rsquo;s information endpoints.&lt;/li&gt;
&lt;li&gt;&lt;strong&gt;Unit Test&lt;/strong&gt;: Provides a foundation for testing the business layer&amp;rsquo;s functionality and behavior, ensuring compliance with requirements.&lt;/li&gt;
&lt;/ul&gt;

      </description>
    </item>
    
  </channel>
</rss>
