<rss version="2.0" xmlns:atom="http://www.w3.org/2005/Atom">
  <channel>
    <title>Arc4u for everyone – Categories</title>
    <link>http://example.org/categories/</link>
    <description>Recent content in Categories on Arc4u for everyone</description>
    <generator>Hugo -- gohugo.io</generator>
    <language>en-US</language>
    
	  <atom:link href="http://example.org/categories/index.xml" rel="self" type="application/rss+xml" />
    
    
      
        
      
    
    
  </channel>
</rss>
