<rss version="2.0" xmlns:atom="http://www.w3.org/2005/Atom">
  <channel>
    <title>Arc4u for everyone – Introductions</title>
    <link>http://example.org/introduction/</link>
    <description>Recent content in Introductions on Arc4u for everyone</description>
    <generator>Hugo -- gohugo.io</generator>
    <language>en-US</language>
    <lastBuildDate>Fri, 13 Oct 2023 00:00:00 +0000</lastBuildDate>
    
	  <atom:link href="http://example.org/introduction/index.xml" rel="self" type="application/rss+xml" />
    
    
      
        
      
    
    
    <item>
      <title>About the framework Arc4u</title>
      <link>http://example.org/introduction/intro/</link>
      <pubDate>Fri, 13 Oct 2023 00:00:00 +0000</pubDate>
      
      <guid>http://example.org/introduction/intro/</guid>
      <description>
        
        
        &lt;p&gt;Creating a new application within the scope of the ELIA company is a complex operation due to various challenges:&lt;/p&gt;
&lt;ul&gt;
&lt;li&gt;Initializing a well-structured solution that consistently applies design pattern (&lt;em&gt;microservices, clean architecture&lt;/em&gt;) according to the existing naming conventions.&lt;/li&gt;
&lt;li&gt;Applying the rules for secure identification throughout ADFS (Active Directory Federation Services).&lt;/li&gt;
&lt;li&gt;Implement the authorization process regarding to the established ELIA model.&lt;/li&gt;
&lt;/ul&gt;
&lt;p&gt;Realizing this process based solely on technical documentation and/or existing projects is a rather risky endeavor.  Moreover, the technical complexity of identification and authorization operations is not easy to grasp, even for experienced developers.&lt;/p&gt;
&lt;p&gt;Fortunately, there are two tools at your disposal to help you carry out this operation without getting lost.&lt;/p&gt;
&lt;h2&gt;Arc4u&lt;span class=&#34;absolute -mt-20&#34; id=&#34;arc4u&#34;&gt;&lt;/span&gt;
    &lt;a href=&#34;#arc4u&#34; class=&#34;subheading-anchor&#34; aria-label=&#34;Permalink for this section&#34;&gt;&lt;/a&gt;&lt;/h2&gt;&lt;p&gt;&lt;em&gt;Arc4u&lt;/em&gt; is a free, open-source framework for the .NET ecosystem whose implementation was initiated over 20 years ago.&lt;/p&gt;
&lt;h3&gt;Why a framework?&lt;span class=&#34;absolute -mt-20&#34; id=&#34;why-a-framework&#34;&gt;&lt;/span&gt;
    &lt;a href=&#34;#why-a-framework&#34; class=&#34;subheading-anchor&#34; aria-label=&#34;Permalink for this section&#34;&gt;&lt;/a&gt;&lt;/h3&gt;&lt;p&gt;When it comes to developing software applications in the .NET ecosystem, having a robust development framework can greatly enhance productivity, maintainability, and consistency.&lt;/p&gt;
&lt;p&gt;Usually, a development framework is a comprehensive set of tools, libraries, and guidelines that provide a structured approach to building applications. It offers a foundation on which developers can rely, streamlining the development process and enabling them to focus on the core functionality of their applications.&lt;/p&gt;
&lt;p&gt;It handle &amp;ldquo;common&amp;rdquo; tasks (&lt;em&gt;such as configuration, caching, diagnostic, dependency injections, authentication and authorization&amp;hellip;&lt;/em&gt;), so developers don&amp;rsquo;t have to reinvent the wheel for each project.&lt;/p&gt;
&lt;p&gt;For developers working in a large company such ELIA, the &lt;em&gt;Arc4u&lt;/em&gt; framework offers several advantages that significantly contribute to the success of their projects:&lt;/p&gt;
&lt;h3&gt;Standardization and Consistency&lt;span class=&#34;absolute -mt-20&#34; id=&#34;standardization-and-consistency&#34;&gt;&lt;/span&gt;
    &lt;a href=&#34;#standardization-and-consistency&#34; class=&#34;subheading-anchor&#34; aria-label=&#34;Permalink for this section&#34;&gt;&lt;/a&gt;&lt;/h3&gt;&lt;p&gt;In large enterprise environments, numerous development teams may work on different projects simultaneously.&lt;/p&gt;
&lt;p&gt;The &lt;em&gt;Arc4u&lt;/em&gt; framework promotes standardization by establishing a common set of practices and coding conventions. This ensures that all applications adhere to the same architectural principles, making them easier to understand, maintain, and enhance.&lt;/p&gt;
&lt;h3&gt;Accelerated Development&lt;span class=&#34;absolute -mt-20&#34; id=&#34;accelerated-development&#34;&gt;&lt;/span&gt;
    &lt;a href=&#34;#accelerated-development&#34; class=&#34;subheading-anchor&#34; aria-label=&#34;Permalink for this section&#34;&gt;&lt;/a&gt;&lt;/h3&gt;&lt;p&gt;The reusable components and pre-built functionality provided by the &lt;em&gt;Arc4u&lt;/em&gt; framework accelerate the development process.&lt;/p&gt;
&lt;p&gt;Developers can leverage existing modules, libraries, and patterns, which reduces the time spent on repetitive tasks. This enables faster delivery of applications, crucial for enterprises with demanding project timelines.&lt;/p&gt;
&lt;h3&gt;Scalability and Maintainability&lt;span class=&#34;absolute -mt-20&#34; id=&#34;scalability-and-maintainability&#34;&gt;&lt;/span&gt;
    &lt;a href=&#34;#scalability-and-maintainability&#34; class=&#34;subheading-anchor&#34; aria-label=&#34;Permalink for this section&#34;&gt;&lt;/a&gt;&lt;/h3&gt;&lt;p&gt;The &lt;em&gt;Arc4u&lt;/em&gt; framework facilitates the creation of scalable architectures by incorporating proven design patterns and scalability principles.&lt;/p&gt;
&lt;p&gt;Furthermore, the &lt;em&gt;Arc4u&lt;/em&gt; framework sustains maintainability by enforcing best practices and modular architectures. This enables developers to easily understand and modify code written by others, fostering collaboration and reducing the learning curve when transitioning between projects.&lt;/p&gt;
&lt;h3&gt;Security and Compliance&lt;span class=&#34;absolute -mt-20&#34; id=&#34;security-and-compliance&#34;&gt;&lt;/span&gt;
    &lt;a href=&#34;#security-and-compliance&#34; class=&#34;subheading-anchor&#34; aria-label=&#34;Permalink for this section&#34;&gt;&lt;/a&gt;&lt;/h3&gt;&lt;p&gt;Security and compliance are of utmost importance.&lt;/p&gt;
&lt;p&gt;The &lt;em&gt;Arc4u&lt;/em&gt; framework provides mechanisms for implementing secure authentication, authorization, data validation, and encryption, ensuring that applications meet the necessary security standards.&lt;/p&gt;
&lt;h3&gt;Support&lt;span class=&#34;absolute -mt-20&#34; id=&#34;support&#34;&gt;&lt;/span&gt;
    &lt;a href=&#34;#support&#34; class=&#34;subheading-anchor&#34; aria-label=&#34;Permalink for this section&#34;&gt;&lt;/a&gt;&lt;/h3&gt;&lt;p&gt;The source code of the &lt;em&gt;Arc4u&lt;/em&gt; framework is available through the &lt;a href=&#34;https://github.com/&#34; target=&#34;_blank&#34; rel=&#34;noopener&#34;&gt;GitHub platform&lt;/a&gt; at the following URL:&lt;/p&gt;
&lt;p&gt;&lt;a href=&#34;https://github.com/GFlisch/Arc4u&#34; target=&#34;_blank&#34; rel=&#34;noopener&#34;&gt;https://github.com/GFlisch/Arc4u&lt;/a&gt;&lt;/p&gt;
&lt;ul&gt;
&lt;li&gt;You can benefit from support by sending your problem requests or your enhancement requests.&lt;/li&gt;
&lt;li&gt;You are also cordially invited to submit your own proposals for improvement via pull requests.&lt;/li&gt;
&lt;/ul&gt;
&lt;h2&gt;Guidance&lt;span class=&#34;absolute -mt-20&#34; id=&#34;guidance&#34;&gt;&lt;/span&gt;
    &lt;a href=&#34;#guidance&#34; class=&#34;subheading-anchor&#34; aria-label=&#34;Permalink for this section&#34;&gt;&lt;/a&gt;&lt;/h2&gt;&lt;p&gt;&lt;em&gt;Guidance&lt;/em&gt; is a powerful extension for &lt;a href=&#34;https://visualstudio.microsoft.com/&#34; target=&#34;_blank&#34; rel=&#34;noopener&#34;&gt;Microsoft Visual Studio&lt;/a&gt; that aims to streamline the development process of microservice-based applications by applying best practices and providing essential tools.&lt;/p&gt;
&lt;p&gt;Let&amp;rsquo;s explore some of the key components and technologies integrated into &lt;em&gt;Guidance&lt;/em&gt;.&lt;/p&gt;
&lt;h3&gt;Yarp: A Versatile Reverse Proxy and API Gateway&lt;span class=&#34;absolute -mt-20&#34; id=&#34;yarp-a-versatile-reverse-proxy-and-api-gateway&#34;&gt;&lt;/span&gt;
    &lt;a href=&#34;#yarp-a-versatile-reverse-proxy-and-api-gateway&#34; class=&#34;subheading-anchor&#34; aria-label=&#34;Permalink for this section&#34;&gt;&lt;/a&gt;&lt;/h3&gt;&lt;p&gt;&lt;em&gt;Guidance&lt;/em&gt; leverages &lt;a href=&#34;https://microsoft.github.io/reverse-proxy/&#34; target=&#34;_blank&#34; rel=&#34;noopener&#34;&gt;Yarp&lt;/a&gt;, a robust technology that serves as both a reverse proxy and an API gateway.&lt;/p&gt;
&lt;p&gt;With Yarp, developers can efficiently manage and route incoming requests to the appropriate microservices. It acts as a gateway, handling traffic distribution and load balancing, improving scalability and reliability.&lt;/p&gt;
&lt;h3&gt;Secure Communication with OAuth2.0 and OpenID&lt;span class=&#34;absolute -mt-20&#34; id=&#34;secure-communication-with-oauth20-and-openid&#34;&gt;&lt;/span&gt;
    &lt;a href=&#34;#secure-communication-with-oauth20-and-openid&#34; class=&#34;subheading-anchor&#34; aria-label=&#34;Permalink for this section&#34;&gt;&lt;/a&gt;&lt;/h3&gt;&lt;p&gt;To ensure secure communication, Guidance supports &lt;a href=&#34;https://oauth.net/2/&#34; target=&#34;_blank&#34; rel=&#34;noopener&#34;&gt;OAuth2.0&lt;/a&gt; and &lt;a href=&#34;https://openid.net/&#34; target=&#34;_blank&#34; rel=&#34;noopener&#34;&gt;OpenID&lt;/a&gt; protocols. These industry-standard security mechanisms safeguard REST and &lt;a href=&#34;https://grpc.io/&#34; target=&#34;_blank&#34; rel=&#34;noopener&#34;&gt;gRPC&lt;/a&gt; services.&lt;/p&gt;
&lt;p&gt;By integrating OAuth2.0 and OpenID, developers can easily authenticate and authorize client requests, enforcing access control and protecting sensitive data.&lt;/p&gt;
&lt;h3&gt;NSwag: Simplified API Documentation and Generation&lt;span class=&#34;absolute -mt-20&#34; id=&#34;nswag-simplified-api-documentation-and-generation&#34;&gt;&lt;/span&gt;
    &lt;a href=&#34;#nswag-simplified-api-documentation-and-generation&#34; class=&#34;subheading-anchor&#34; aria-label=&#34;Permalink for this section&#34;&gt;&lt;/a&gt;&lt;/h3&gt;&lt;p&gt;&lt;em&gt;Guidance&lt;/em&gt; incorporates &lt;a href=&#34;https://github.com/RicoSuter/NSwag&#34; target=&#34;_blank&#34; rel=&#34;noopener&#34;&gt;NSwag&lt;/a&gt;, a powerful toolkit that simplifies API documentation and generation.&lt;/p&gt;
&lt;p&gt;NSwag enables developers to automatically generate client SDKs, server stubs, and API documentation from the application&amp;rsquo;s codebase. This streamlines the development process and enhances collaboration between frontend and backend teams.&lt;/p&gt;
&lt;h3&gt;Asynchronous Architecture with RabbitMQ and NServiceBus&lt;span class=&#34;absolute -mt-20&#34; id=&#34;asynchronous-architecture-with-rabbitmq-and-nservicebus&#34;&gt;&lt;/span&gt;
    &lt;a href=&#34;#asynchronous-architecture-with-rabbitmq-and-nservicebus&#34; class=&#34;subheading-anchor&#34; aria-label=&#34;Permalink for this section&#34;&gt;&lt;/a&gt;&lt;/h3&gt;&lt;p&gt;&lt;em&gt;Guidance&lt;/em&gt; promotes an efficient and scalable asynchronous architecture by utilizing &lt;a href=&#34;https://www.rabbitmq.com/&#34; target=&#34;_blank&#34; rel=&#34;noopener&#34;&gt;RabbitMQ&lt;/a&gt; and &lt;a href=&#34;https://particular.net/nservicebus&#34; target=&#34;_blank&#34; rel=&#34;noopener&#34;&gt;NServiceBus&lt;/a&gt;.&lt;/p&gt;
&lt;p&gt;RabbitMQ acts as a message broker, enabling reliable and asynchronous communication between microservices. NServiceBus provides additional capabilities, such as message routing, publish-subscribe patterns, and fault tolerance, further enhancing the reliability and robustness of the system.&lt;/p&gt;
&lt;h3&gt;Job Scheduling with Hangfire&lt;span class=&#34;absolute -mt-20&#34; id=&#34;job-scheduling-with-hangfire&#34;&gt;&lt;/span&gt;
    &lt;a href=&#34;#job-scheduling-with-hangfire&#34; class=&#34;subheading-anchor&#34; aria-label=&#34;Permalink for this section&#34;&gt;&lt;/a&gt;&lt;/h3&gt;&lt;p&gt;To simplify job scheduling and background processing, Guidance integrates &lt;a href=&#34;https://www.hangfire.io/&#34; target=&#34;_blank&#34; rel=&#34;noopener&#34;&gt;Hangfire&lt;/a&gt;.&lt;/p&gt;
&lt;p&gt;With Hangfire, developers can effortlessly manage recurring tasks, background jobs, and distributed workflows. It provides a user-friendly dashboard and comprehensive job management capabilities, ensuring reliable execution and monitoring of scheduled tasks.&lt;/p&gt;
&lt;h3&gt;Built on the Arc4u Framework&lt;span class=&#34;absolute -mt-20&#34; id=&#34;built-on-the-arc4u-framework&#34;&gt;&lt;/span&gt;
    &lt;a href=&#34;#built-on-the-arc4u-framework&#34; class=&#34;subheading-anchor&#34; aria-label=&#34;Permalink for this section&#34;&gt;&lt;/a&gt;&lt;/h3&gt;&lt;p&gt;&lt;em&gt;Guidance&lt;/em&gt; is built entirely on the &lt;a href=&#34;https://github.com/GFlisch/Arc4u&#34; target=&#34;_blank&#34; rel=&#34;noopener&#34;&gt;&lt;em&gt;Arc4u&lt;/em&gt; framework&lt;/a&gt;.&lt;/p&gt;
&lt;p&gt;As detailed previously, the &lt;em&gt;Arc4u&lt;/em&gt; framework provides a solid foundation for developing microservice-based applications. It offers a comprehensive set of reusable components, design patterns, and utilities that promote scalability, maintainability, and code consistency.&lt;/p&gt;
&lt;h2&gt;Licencing model&lt;span class=&#34;absolute -mt-20&#34; id=&#34;licencing-model&#34;&gt;&lt;/span&gt;
    &lt;a href=&#34;#licencing-model&#34; class=&#34;subheading-anchor&#34; aria-label=&#34;Permalink for this section&#34;&gt;&lt;/a&gt;&lt;/h2&gt;&lt;p&gt;Unlike the &lt;em&gt;Arc4u&lt;/em&gt; framework, the Visual Studio extension &lt;em&gt;Guidance&lt;/em&gt; is not free and requires a developer license.&lt;/p&gt;
&lt;p&gt;Developers and software architects working at Elia can obtain such a license for their work.&lt;/p&gt;
&lt;p&gt;Please take contact with &lt;a href=&#34;mailto:gilles.flisch@elia.be&#34; &gt;Gilles Flisch&lt;/a&gt; to obtain your license.&lt;/p&gt;

      </description>
    </item>
    
  </channel>
</rss>
